Day,Weekday,Hour,E_LastHour,E_1,E_2,E_3,E_4,E_5,E_6,E_7,E_8,E_9,E_10,E_11,E_12
04/25/22,0,18,4.040208333333334,1.5813882,1.1106063,0.8711673,0.9890019,0.6452752,0.56262255,0.30892175,0.18925221,0.13013783,0.15330999,0.1415228,0.11134556
04/25/22,0,19,0.06419999999999981,0.85053015,0.84108835,0.74131954,1.1465397,0.86431265,0.562196,0.39917597,0.15239596,0.11878865,0.54966843,1.1172038,0.61569446
04/25/22,0,20,0.0,0.34128076,0.20224236,0.13944146,0.22076407,0.19840443,0.129282,0.10188925,0.07021238,0.15845032,0.23728661,0.37681812,0.7096461
04/25/22,0,21,0.007216666666666677,0.49479032,0.28687966,0.1722787,0.34009767,0.447429,0.33906695,0.37797216,0.5509201,0.33231467,0.4076386,1.8493052,11.522797
04/25/22,0,22,0.0,0.43066993,0.3175826,0.33631063,0.53444046,0.4777554,0.42489937,0.5073511,0.5925682,0.69763845,2.7859516,12.547476,22.195244
04/25/22,0,23,0.0,0.34221417,0.36401635,0.30831596,0.3788088,0.42346722,0.535112,0.3814032,0.33529317,1.3126469,10.518455,20.56423,16.667734
04/26/22,1,0,0.0,0.36253446,0.68089753,0.58301973,0.5145256,0.4600514,0.65320045,0.95408416,3.1829286,14.298036,22.016085,16.968607,10.65099
04/26/22,1,1,0.0,0.47231796,0.6561883,0.59746164,0.8730266,0.9446986,1.1542777,3.4438612,13.86236,22.006845,16.576479,10.961392,8.594114
04/26/22,1,2,0.0,0.6908133,0.78768593,0.70800513,0.76232415,1.0148677,3.3272927,13.366602,22.05466,17.764992,10.84111,8.215646,7.285253
04/26/22,1,3,0.0,0.70799434,0.79184544,0.6116254,0.82617974,3.1993768,14.177368,22.07647,17.928753,11.903031,9.4286175,7.9127755,6.3057995
04/26/22,1,4,0.0,0.4184435,0.60021776,0.76790196,2.8017066,12.93852,20.306297,16.090313,10.703309,8.625925,7.3919725,6.4491673,5.666921
04/26/22,1,5,0.0,0.39831477,0.896458,2.8595674,13.879699,21.55258,16.874413,11.060941,8.83928,7.978096,7.0377593,6.370145,5.558766
04/26/22,1,6,0.0,0.86408436,3.6794057,14.186196,22.194927,17.748287,11.041666,8.66252,7.0796237,6.5404406,6.5557556,5.553915,3.4960895
04/26/22,1,7,0.007241666666666674,2.6322625,13.220738,21.633295,16.941738,11.3147335,8.970714,7.334742,5.9841194,5.6245656,5.462411,3.2387838,1.5332876
04/26/22,1,8,7.753158333333333,25.121447,25.606735,19.559351,14.295262,11.030206,8.098866,8.71883,4.021731,4.2730536,1.1326888,0.48508424,0.13931143
04/26/22,1,9,14.03655,17.993603,13.985192,9.102839,5.9827256,5.706798,6.624394,6.1887717,0.04394216,0.043554645,0.008029787,0.0014700149,0.004899611
04/26/22,1,10,18.26095,11.548356,6.1782274,4.5605636,2.5519989,1.5080175,1.0636644,0.7462383,0.071676806,0.007987194,0.022303242,0.036347795,0.009338088
04/26/22,1,11,11.825483333333333,6.7469354,5.548578,4.5781403,3.4176736,2.2182648,1.9175448,1.0342185,0.06246365,0.00037469273,0.008579016,0.021493962,0.0077344757
04/26/22,1,12,10.671358333333336,6.3086257,4.533866,3.6452222,3.2616444,2.137983,1.3277941,0.81234497,0.041680306,0.0001595795,0.007823323,0.03817527,0.015119246
04/26/22,1,13,15.8518,10.052073,5.518268,4.5825763,2.869392,1.8768593,1.4483243,0.65196323,0.09167203,0.004865397,0.034299616,0.08221063,0.015509994
04/26/22,1,14,20.55185,11.34843,5.9604053,4.9841247,2.4734008,1.7233299,1.4912765,0.6083098,0.04037414,0.001265517,0.0074059423,0.014183019,0.003783417
04/26/22,1,15,12.8476,5.96579,4.814872,3.8217037,2.7828765,1.8904592,1.6514108,0.8718272,0.031389255,6.359254e-05,0.002477908,0.0071136486,0.003359392
04/26/22,1,16,6.424291666666665,3.2994971,2.9909785,2.2601101,2.6077106,1.7543834,0.9501021,0.7338947,0.022440374,2.4980915e-05,0.0030567485,0.02171716,0.012603907
04/26/22,1,17,2.0712083333333347,1.8255638,1.5456315,1.3567668,1.5906526,0.8688592,0.48536977,0.442605,0.0762114,0.004249372,0.069249146,0.23577625,0.10395886
04/26/22,1,18,7.811541666666666,5.356385,3.352225,2.2932734,1.3405786,0.85253954,0.56625766,0.42766643,0.2514643,0.2812658,0.39884403,0.57149005,0.13507818
04/26/22,1,19,6.498716666666667,3.0198565,2.0644507,1.4306936,1.2603247,0.819275,0.73147,0.46013886,0.29221573,0.1548311,0.17710935,0.17725176,0.10683341
04/26/22,1,20,7.013091666666667,3.790406,2.1787295,1.7620709,1.4761624,0.76800954,0.60027313,0.47974867,0.18537003,0.08012011,0.2070499,0.38181818,0.070267335
04/26/22,1,21,5.3011,3.2097938,1.9861791,1.61858,1.4777806,0.8447703,0.68956226,0.53739566,0.22795273,0.14397958,0.27638328,0.43646094,0.11375724
04/26/22,1,22,0.0655,1.5186372,2.066346,1.9734149,3.760192,3.4839895,2.0704052,1.0505031,0.42079005,0.69121325,4.383847,9.584052,4.1449976
04/26/22,1,23,0.0,1.1161323,1.4016373,1.4326215,2.3487267,2.2065194,1.2423924,0.51347005,0.35903782,4.1465497,15.305351,23.218369,19.346722
04/27/22,2,0,0.0,0.12561826,0.18459019,0.15390936,0.12088875,0.11809592,0.16827872,0.2601247,0.7880167,5.207649,11.81145,7.5471525,4.229349
04/27/22,2,1,0.0,0.17596385,0.21406928,0.1945514,0.2583087,0.2907742,0.3303206,1.1506896,5.556405,11.774625,8.112313,4.150674,3.4076853
04/27/22,2,2,0.0,0.10413374,0.041554596,0.028041959,0.027515354,0.034155264,0.15040193,0.8530926,1.766011,1.4598573,1.2414026,0.96525085,1.0200949
04/27/22,2,3,0.0,0.09906301,0.039805364,0.022515442,0.02949828,0.11946123,0.926356,2.1925392,1.318575,0.9969732,1.2449774,1.052464,0.9870392
04/27/22,2,4,0.0,0.06876843,0.03535215,0.033948958,0.1131548,0.70150906,2.0620718,1.5492958,0.8060195,0.96335524,1.1663047,0.96015406,0.9536907
04/27/22,2,5,0.0,0.06379719,0.048541985,0.115069054,0.653253,1.661881,1.4426637,0.850681,0.6982202,0.9176555,0.97505474,0.90094095,0.87174004
04/27/22,2,6,0.0,0.11926523,0.17212768,0.6886048,1.475872,1.0569253,0.7437721,0.60562766,0.5906926,0.8087204,0.98164856,0.9747081,0.58392674
04/27/22,2,7,0.007791666666666641,0.41855118,0.9219379,1.7519672,1.1672552,0.63152957,0.6947436,0.64375186,0.5472748,0.7719243,0.921412,0.6843398,0.28696543
04/27/22,2,8,0.0,1.105481,1.4586114,0.73602915,0.44139528,0.3712156,0.36525953,0.3604079,0.32471812,0.45702714,0.35730094,0.24836132,0.31492758
04/27/22,2,9,0.0,0.35572302,0.28621763,0.14688326,0.129283,0.15635693,0.23575246,0.28717226,0.25580585,0.21958612,0.2289745,0.264319,0.58658236
04/27/22,2,10,0.0,0.13730405,0.13482042,0.26925734,0.3621332,0.46906048,0.8291365,0.73063934,0.5205193,0.46466747,0.6513025,0.6721499,0.3949644
04/27/22,2,11,0.0,0.21182117,0.2144928,0.3046808,0.2580481,0.2695026,0.4931354,0.5568487,0.5004783,0.471166,0.5787613,0.6354599,0.54787374
04/27/22,2,12,1.6337833333333336,2.7230465,1.6316643,1.1592757,1.1598573,0.93295884,1.0443677,0.8496375,0.5772939,0.24221647,0.1697094,0.14314094,0.12329331
04/27/22,2,13,0.0,0.376314,0.36002156,0.35474336,0.41276538,0.30527183,0.2860889,0.2585028,0.22278604,0.14040329,0.1372391,0.13278137,0.11026445
04/27/22,2,14,0.0,0.3944698,0.17858693,0.10412581,0.13507722,0.20740506,0.19668326,0.14301835,0.105236135,0.2621411,0.2889641,0.28131357,0.55948097
04/27/22,2,15,1.5481333333333325,1.8342451,0.8311463,0.5988175,0.59258634,0.51835984,0.68504846,0.6277027,0.38316327,0.13642234,0.09787715,0.09976165,0.09405348
04/27/22,2,16,0.0,0.3731925,0.29522696,0.23199295,0.342166,0.3108508,0.30785853,0.22182463,0.17927119,0.120157085,0.13908175,0.1556145,0.14806443
04/27/22,2,17,0.0,0.2403769,0.0832129,0.054420397,0.09609546,0.1758409,0.18800521,0.13578,0.10544057,0.24100494,0.27467388,0.27611557,0.55854255
04/27/22,2,18,0.3695333333333348,0.29718304,0.21076797,0.15937741,0.15352648,0.14672822,0.1694107,0.15664878,0.26231948,0.21997485,0.1558719,0.19152278,0.2632139
04/27/22,2,19,0.0,0.28186294,0.19226609,0.07558489,0.0822438,0.107552335,0.11795692,0.114251055,0.20703675,0.18488614,0.1033994,0.11308591,0.2612231
04/27/22,2,20,0.0,0.17504294,0.07774968,0.044160224,0.061877187,0.11770021,0.17101528,0.17029975,0.1543924,0.13672623,0.14917089,0.27973205,0.82495695
04/27/22,2,21,0.0011000000000000454,0.16926901,0.0648974,0.033952724,0.05242478,0.08127759,0.09215659,0.13016602,0.17177458,0.13312055,0.18249556,0.66246957,4.202698
04/27/22,2,22,0.0,0.11938376,0.05949545,0.058035824,0.06799783,0.07400076,0.09772442,0.15228081,0.15051839,0.22628987,1.1339421,5.1507564,9.58275
04/27/22,2,23,0.0,0.105809666,0.07603638,0.06373831,0.060058024,0.0767425,0.14373314,0.12820792,0.090252556,0.42304197,4.947645,11.199974,7.4721355
04/28/22,3,0,0.0,0.13854596,0.141056,0.10320034,0.06730431,0.06335769,0.09965814,0.1529631,0.41288114,2.878631,8.779276,7.4558616,5.0679693
04/28/22,3,1,0.0,0.20224006,0.13631338,0.09336611,0.11668547,0.124833226,0.18109867,0.5615723,2.2901511,5.328455,4.744274,3.1113088,3.104625
04/28/22,3,2,0.0,0.7915477,0.9074054,0.7686873,0.78713286,1.0358044,3.4515653,13.878421,22.65621,17.549608,10.316654,7.8117127,7.1926665
04/28/22,3,3,0.0,0.69536424,0.758158,0.5581473,0.7515256,3.0317328,13.87056,21.773684,17.19855,10.71121,8.102034,6.6240196,5.510875
04/28/22,3,4,0.0,0.43171614,0.59501743,0.74771875,3.037868,14.304142,21.586523,16.389706,10.2843895,7.6577845,6.5790644,5.923317,5.60438
04/28/22,3,5,0.0,0.3745676,0.8070688,2.6539397,14.26295,22.44011,17.463436,10.608277,7.933175,6.679784,5.919692,5.4577174,5.283861
04/28/22,3,6,0.0,0.82967305,3.4318123,13.957033,22.677128,18.202543,11.238566,8.115578,6.3687882,5.6674786,5.919674,5.172379,3.5525758
04/28/22,3,7,0.0,2.7709029,14.225953,22.671963,17.422411,11.494986,8.942168,7.4064007,5.951707,5.6098595,5.388872,3.2033043,1.5204256
04/28/22,3,8,3.4312416666666667,19.922256,24.854317,16.733595,11.392891,9.432627,8.804753,6.034674,5.9338355,5.328317,3.4367037,1.7655046,1.0745947
04/28/22,3,9,25.447133333333333,29.137821,21.870195,13.507195,7.0630937,4.696083,1.9655548,2.3928285,1.0102017e-05,4.0385265e-05,3.6827217e-07,6.4862054e-09,1.341247e-08
04/28/22,3,10,25.35836666666667,17.578295,9.561967,5.7187204,7.5669374,3.3293185,2.8484337,2.7552516,5.6847915e-05,5.5305154e-06,2.7052906e-06,2.269387e-07,3.7032612e-05
04/28/22,3,11,19.945641666666667,12.459051,9.833917,6.427067,4.547727,3.7652588,2.9082994,1.3380262,0.004442819,1.4843567e-07,6.349044e-05,0.00043216307,0.00059879123
04/28/22,3,12,22.290225,13.060647,8.445527,5.206831,3.5963662,2.8118305,1.8690743,0.7971476,0.003627537,3.3695497e-07,9.772207e-05,0.000804768,0.00071271416
04/28/22,3,13,18.144891666666666,10.762347,7.5627084,5.7606745,3.7647505,2.7934651,2.447619,1.1297044,0.014002073,5.6811605e-06,0.0005332569,0.0020557006,0.0015616119
04/28/22,3,14,13.833316666666665,7.214657,5.272183,3.8066108,3.2382395,2.4111376,1.6419802,0.9440897,0.012487324,3.964127e-06,0.0006472863,0.004112937,0.002857611
04/28/22,3,15,11.702283333333332,6.1949034,4.292829,3.3941746,2.9030957,1.9203932,1.3097802,0.79346895,0.035410233,0.00010983099,0.005144899,0.022762112,0.009556714
04/28/22,3,16,5.827608333333334,3.2872002,2.688753,2.2204587,2.246603,1.2827587,0.92068714,0.6981156,0.077367805,0.0013231052,0.025364198,0.08262182,0.023269271
04/28/22,3,17,0.0,1.2204309,1.2493033,0.962125,1.4815592,1.0779121,0.68461996,0.49571493,0.084481716,0.0087693,0.16561648,0.5702839,0.44028652
04/28/22,3,18,0.0,0.4227783,0.29610842,0.20850103,0.23522657,0.18295744,0.10762911,0.11840271,0.058774196,0.08992,0.20841892,0.39740673,0.6480886
04/28/22,3,19,2.836391666666666,6.34983,4.4933434,2.3493924,1.7516953,1.5495114,1.5516878,1.100787,0.978955,0.4624275,0.29704195,0.23363946,0.2023313
04/28/22,3,20,1.8479416666666666,1.0893767,0.672845,0.5185063,0.74529076,0.74336547,0.8264132,0.43903553,0.26026785,0.120777175,0.14126754,0.14139964,0.17529231
04/28/22,3,21,0.0,0.6415365,0.49689123,0.37146798,0.7497289,0.8761209,0.74060476,0.4169128,0.3076433,0.7959876,1.2631282,1.6566699,1.837998
04/28/22,3,22,0.0,0.6675612,0.53676796,0.37313336,0.68719906,0.7782629,0.5736198,0.34912872,0.45112705,2.815201,6.510641,8.522891,9.328762
04/28/22,3,23,0.0,0.37243304,0.5006537,0.41569704,0.49003214,0.60787785,0.7771053,0.5614908,0.49621522,1.4768218,8.660521,15.952875,12.588947
04/29/22,4,0,0.0,0.21523525,0.29485175,0.22398447,0.22362494,0.2433816,0.36204946,0.49795416,1.4579264,6.470259,12.327955,7.73478,4.7949543
04/29/22,4,1,0.0,0.33698487,0.36632925,0.3156553,0.5311204,0.649611,0.78198075,2.3343322,9.421117,16.08847,11.249476,6.3431697,5.6846924
04/29/22,4,2,0.0,0.43042856,0.42609552,0.3771509,0.52648014,0.6726632,2.1313877,9.470879,16.570707,12.832291,7.4496975,5.0832577,4.7500477
04/29/22,4,3,0.0,0.34976402,0.35613334,0.2626147,0.42144474,1.5128087,7.4221134,14.268387,11.152554,6.965812,5.3545065,3.7877038,2.9405293
04/29/22,4,4,0.0,0.24192227,0.34851348,0.42809582,1.5305736,7.970923,13.542672,11.010761,7.5643306,6.4675636,4.472883,2.8412576,2.351268
04/29/22,4,5,0.0,0.25651956,0.55833805,1.5421156,7.677782,15.003905,10.960554,7.6835785,6.903524,5.67872,3.4790647,2.33948,1.9060832
04/29/22,4,6,0.0,0.49887526,1.942837,7.5221634,13.482548,11.199123,6.6847916,5.3679886,4.2774305,3.2388587,2.157582,1.4493581,0.81930554
04/29/22,4,7,0.0,1.5973209,7.4627995,13.862385,11.342102,7.549321,6.207463,4.6096315,3.1386497,2.1657677,1.7253479,0.92668056,0.434097
04/29/22,4,8,0.4505416666666666,7.108423,15.555379,12.214672,7.621848,6.2664433,4.3647776,2.8152041,2.5890398,1.758533,1.1343949,0.5044924,0.5016132
04/29/22,4,9,12.894258333333333,21.37057,15.434168,9.138539,5.151665,5.009304,3.141508,3.0116477,0.05160637,0.098495014,0.009715875,0.0012227297,0.0005096054
04/29/22,4,10,19.713425,10.930146,6.5957623,4.5381484,3.2096958,1.8424047,2.2567215,1.9527969,0.00019749178,0.00018042461,1.7357159e-05,1.2084924e-06,1.9315376e-05
04/29/22,4,11,10.265191666666666,4.079585,3.647771,2.9734414,2.3642623,1.5497116,1.2666613,0.7003761,0.044317562,0.00022522893,0.0049836817,0.011434043,0.0041223564
04/29/22,4,12,7.199208333333333,4.552854,3.8889987,3.019487,3.2507474,2.1564047,1.1307272,0.8170606,0.03669504,9.7655466e-05,0.008614334,0.058356043,0.030186566
04/29/22,4,13,6.686366666666666,4.173928,2.7216072,2.3321333,2.0765154,1.0704949,0.7779863,0.57453007,0.14817029,0.023478951,0.13474306,0.31381685,0.05514958
04/29/22,4,14,6.412583333333334,3.682971,2.1778848,1.7175229,1.4515338,0.7601094,0.61465126,0.5056709,0.20423858,0.099498846,0.22451654,0.3896115,0.075682275
04/29/22,4,15,1.1715833333333343,1.4921596,1.3853755,1.2085595,1.4981511,0.9927136,0.6702031,0.50408477,0.17967276,0.087406814,0.29056987,0.47739455,0.19031905
04/29/22,4,16,1.146841666666667,1.185483,1.0874269,0.95191216,0.8441809,0.5248988,0.32128912,0.28455344,0.15884309,0.20461851,0.5085355,0.70151365,0.37616664
04/29/22,4,17,0.0,0.49402672,0.29911938,0.15850471,0.23522101,0.28086844,0.32810286,0.26150382,0.18973047,0.25442898,0.26632327,0.25102744,0.27603352
04/29/22,4,18,0.0,0.42618406,0.35701513,0.19484338,0.2432288,0.39164484,0.32530093,0.26042068,0.25734597,0.3773241,0.19761257,0.1376036,0.264121
04/29/22,4,19,0.0,0.38739726,0.5823585,0.24116129,0.24912934,0.306287,0.25285375,0.23004581,0.41437107,0.26995718,0.091985196,0.07408698,0.21033418
04/29/22,4,20,0.0,0.18754168,0.22025494,0.14969023,0.19186473,0.28500703,0.3582321,0.33190188,0.3184437,0.14108689,0.07885412,0.10373637,0.2724539
04/29/22,4,21,0.0026083333333333236,0.3296806,0.29214373,0.16006711,0.25892916,0.34609306,0.28654504,0.34261137,0.47847462,0.20189199,0.12934726,0.31570244,1.8810049
04/29/22,4,22,0.0,0.28297445,0.29110897,0.24398553,0.33738723,0.33326176,0.33720273,0.4297801,0.5264633,0.35102546,0.659577,1.8366373,3.8924282
04/29/22,4,23,0.0,0.2290664,0.31744424,0.21406512,0.23901178,0.31746897,0.4531164,0.31709108,0.29427934,0.6093578,2.7703826,4.002685,2.5579545
04/30/22,5,0,0.0,0.026704721,0.019949295,0.012756497,0.01177955,0.011733608,0.014507007,0.024394052,0.06613458,0.34113488,0.848661,0.5105962,0.27926445
04/30/22,5,1,0.0,0.037586305,0.020946404,0.015811088,0.026040977,0.02948045,0.025017746,0.08960295,0.4026023,0.86813533,0.52028453,0.24897341,0.22503738
04/30/22,5,2,0.0,0.05883547,0.026961604,0.017804544,0.02519737,0.032828234,0.078081034,0.4733225,1.1393313,0.72298795,0.36780638,0.23241836,0.22393598
04/30/22,5,3,0.0,0.053590212,0.023550577,0.011957145,0.02305541,0.08540923,0.39646274,1.032377,0.80532897,0.48535106,0.39148897,0.25776678,0.2148579
04/30/22,5,4,0.0,0.036413442,0.022606838,0.020197665,0.081907175,0.4966962,0.9312929,0.82152474,0.5721818,0.5241592,0.39114088,0.22469385,0.17704725
04/30/22,5,5,0.0,0.032772616,0.029425094,0.06868263,0.4449634,1.1335535,0.61825347,0.4833576,0.53930354,0.49560937,0.26477313,0.16774169,0.13579103
04/30/22,5,6,0.0,0.0597664,0.10350988,0.35723028,0.8467196,0.72681516,0.34315565,0.30611718,0.32320714,0.27982166,0.16524146,0.1189332,0.067563
04/30/22,5,7,0.0,0.19992353,0.52718115,0.8940559,0.74147165,0.4358341,0.3101442,0.24060278,0.20366473,0.18053505,0.15080105,0.08795448,0.037384108
04/30/22,5,8,0.0,0.63912946,1.1536843,0.55239236,0.3723102,0.27821335,0.17318782,0.14821793,0.13771188,0.11389596,0.075249664,0.041460674,0.05025866
04/30/22,5,9,0.019366666666666532,0.21547033,0.22757739,0.099084295,0.10368524,0.09828358,0.08700759,0.10920211,0.10199415,0.053457845,0.036546204,0.034008313,0.07159598
04/30/22,5,10,0.0,0.06903844,0.091631494,0.13673213,0.21670806,0.24089777,0.2674772,0.26368704,0.19620468,0.1186561,0.10438401,0.083555505,0.040894195
04/30/22,5,11,0.0,0.101780936,0.1286796,0.1371297,0.15760595,0.15104944,0.16897483,0.18529277,0.17145622,0.11067933,0.09234508,0.08489567,0.067002535
04/30/22,5,12,0.0,0.09909343,0.13827948,0.153642,0.24297987,0.22536853,0.15512337,0.15696116,0.1691081,0.089263365,0.040688712,0.030823171,0.032778833
04/30/22,5,13,0.0,0.09324474,0.13235356,0.14880228,0.16961415,0.12171758,0.09465978,0.10512972,0.107869714,0.049144283,0.024731392,0.022976343,0.027774177
04/30/22,5,14,0.0,0.1433315,0.1607407,0.084890865,0.08077233,0.08186452,0.09164396,0.09454258,0.086024895,0.03753984,0.024347113,0.029042525,0.048016567
04/30/22,5,15,0.0,0.08865956,0.10552617,0.08785233,0.06487492,0.054721758,0.08750608,0.10159232,0.06381402,0.024096077,0.021239547,0.027745211,0.033397615
04/30/22,5,16,0.0,0.08572717,0.097815596,0.067302845,0.07990677,0.087136105,0.08269307,0.071353935,0.06900461,0.038475573,0.02472854,0.02572839,0.03672683
04/30/22,5,17,0.0,0.038780987,0.031911757,0.026708845,0.034398004,0.041666925,0.05709836,0.060384296,0.054084077,0.027539078,0.020713495,0.024906328,0.033227585
04/30/22,5,18,0.0,0.08434526,0.08727491,0.04912889,0.049572613,0.046680737,0.044031467,0.045015816,0.062341146,0.037713677,0.022871234,0.025091799,0.040601466
04/30/22,5,19,0.0,0.09223069,0.081797205,0.028576877,0.03302821,0.036250014,0.02699742,0.028840266,0.05477321,0.037399694,0.0152809145,0.012978198,0.036293294
04/30/22,5,20,0.0,0.053649876,0.040612042,0.022332478,0.028801693,0.038670346,0.045659445,0.049890414,0.049313605,0.023900334,0.0155846095,0.02080798,0.051234823
04/30/22,5,21,0.015975,0.10391888,0.059665173,0.026494607,0.04197151,0.0485621,0.038221598,0.05240315,0.07926477,0.03912604,0.03186668,0.077386476,0.41953096
04/30/22,5,22,0.0,0.09813077,0.059947427,0.041619446,0.0592471,0.051256567,0.05364221,0.07537625,0.09547609,0.06842831,0.16396663,0.49948344,1.0744123
04/30/22,5,23,0.0,0.081378154,0.06756396,0.03895314,0.04285782,0.047417525,0.07550339,0.06166125,0.059026744,0.12968233,0.73100215,1.1674976,0.658584
05/01/22,6,0,0.0,0.02338957,0.020223072,0.014032432,0.008226665,0.0073385253,0.009217251,0.017981032,0.056139816,0.45097667,1.2044269,0.75360805,0.41938323
05/01/22,6,1,0.0,0.031209541,0.020373087,0.0147167295,0.0152760865,0.016013857,0.015298003,0.0616046,0.33850002,0.9116167,0.55508316,0.25375313,0.26651567
05/01/22,6,2,nan,nan,nan,nan,nan,nan,nan,nan,nan,nan,nan,nan,nan
05/01/22,6,3,0.0,nan,nan,nan,nan,nan,nan,nan,nan,nan,nan,nan,nan
05/01/22,6,4,0.0,nan,nan,nan,nan,nan,nan,nan,nan,nan,nan,nan,nan
05/01/22,6,5,0.0,0.019798974,0.012625921,0.03671434,0.33339432,0.87432384,0.46962506,0.2550616,0.2467597,0.28272814,0.24633959,0.20951357,0.26783586
05/01/22,6,6,0.0,0.04105227,0.053291105,0.26369804,0.8451319,0.5324513,0.2171297,0.18036579,0.20730911,0.2428531,0.25934786,0.25158232,0.19987196
05/01/22,6,7,0.0,0.1729527,0.40990597,0.81874853,0.50971925,0.25371033,0.19198251,0.22521618,0.2559506,0.33435693,0.32917118,0.19727054,0.095775545
05/01/22,6,8,0.04564166666666658,0.7190922,1.2566282,0.616266,0.29250917,0.19329645,0.1377618,0.16963299,0.25352207,0.31458423,0.22491531,0.122935094,0.15489264
05/01/22,6,9,0.0,0.25037253,0.20169115,0.0965118,0.074844964,0.074231744,0.08944174,0.1355261,0.16407692,0.13793887,0.12913443,0.13492022,0.34781277
05/01/22,6,10,0.0,0.070167094,0.05916829,0.1239045,0.21242358,0.23886272,0.291724,0.26605275,0.21985519,0.18373749,0.2926722,0.32510132,0.1936804
05/01/22,6,11,0.0,0.11693508,0.10187071,0.13249667,0.12731525,0.118897766,0.16149604,0.19326876,0.21670991,0.19156702,0.25511062,0.2922894,0.29180375
05/01/22,6,12,0.16838333333333289,0.170855,0.1611086,0.22223553,0.30816603,0.2678885,0.21941957,0.22707513,0.3249161,0.23303622,0.16537172,0.14755204,0.16018334
05/01/22,6,13,0.0,0.13278346,0.12589876,0.1664663,0.175665,0.12434858,0.11548031,0.13080196,0.16382548,0.10218405,0.08806668,0.107598044,0.13709386
05/01/22,6,14,0.25045833333333434,0.4160473,0.26499408,0.17290871,0.15931825,0.15566364,0.18454246,0.18474568,0.22790089,0.16355968,0.16688137,0.24257925,0.3927871
05/01/22,6,15,0.0,0.14122479,0.105139665,0.10225831,0.080679,0.06807722,0.12739502,0.13752872,0.09674368,0.051342428,0.081320986,0.15225703,0.1772701
05/01/22,6,16,0.0,0.14226839,0.087518066,0.06943725,0.08727428,0.10269068,0.10562296,0.08970248,0.10372868,0.10638775,0.13407676,0.2025387,0.33638912
05/01/22,6,17,0.0,0.041690473,0.020672962,0.022504587,0.030869711,0.04170749,0.064727455,0.063536905,0.06332384,0.04992516,0.06992557,0.13259503,0.21521974
05/01/22,6,18,0.0,0.091599695,0.059414495,0.043455914,0.042339697,0.042629834,0.04713101,0.049371783,0.07677333,0.07402672,0.08357781,0.14194332,0.26197514
05/01/22,6,19,0.059883333333333066,0.13000014,0.074521884,0.03000561,0.02925717,0.033657305,0.031844296,0.038077746,0.0893632,0.091998495,0.057150714,0.0627009,0.19235913
05/01/22,6,20,0.0,0.06640483,0.028676525,0.019458937,0.026889516,0.039958052,0.055372033,0.059921753,0.066064164,0.04860043,0.059953276,0.13060138,0.36791107
05/01/22,6,21,0.0,0.14520486,0.045945864,0.02491206,0.04412797,0.060125053,0.05520343,0.0767363,0.12211157,0.10179947,0.15833664,0.67037153,4.934454
05/01/22,6,22,0.0,0.11277751,0.04888106,0.051367488,0.07826038,0.06660871,0.065893546,0.09045966,0.11465042,0.1768512,0.98701364,5.3299217,11.649098
05/01/22,6,23,0.0,0.101612665,0.06716121,0.05562328,0.06448436,0.0682337,0.098729625,0.07934162,0.07352169,0.3652454,4.6428795,11.650425,7.901007
05/02/22,0,0,0.0,0.15809634,0.2539667,0.1961512,0.13259056,0.10567701,0.13308798,0.22113642,0.8112647,5.4425225,11.378323,7.4864993,3.9924793
05/02/22,0,1,0.0,0.22337414,0.28538778,0.23457162,0.2979615,0.29744706,0.3076094,1.0337675,6.2831783,12.502243,7.512819,3.8156378,2.856824
05/02/22,0,2,0.0,0.15571776,0.06339574,0.037010055,0.036448725,0.046832148,0.2081303,1.1300406,2.3905132,1.7465898,1.2448189,1.0007076,1.0649836
05/02/22,0,3,0.0,0.15296927,0.0617355,0.030569348,0.040707946,0.17844236,1.4149547,3.0294504,1.746054,1.1248288,1.173141,1.0532303,1.0845283
05/02/22,0,4,0.0,0.09974594,0.04929316,0.045061436,0.18425617,1.229447,3.3530872,2.0334752,0.9357781,0.8967825,1.0407538,0.99949795,1.136381
05/02/22,0,5,0.0,0.08563001,0.06684289,0.16516125,1.1648836,3.0146203,2.3023307,1.0431473,0.7809639,0.89010227,0.9177813,0.9824497,1.0162232
05/02/22,0,6,0.0,0.15828228,0.23268762,1.0409327,2.660228,1.8568487,1.1455787,0.71901494,0.6350451,0.751021,0.88590944,1.0129455,0.6818981
05/02/22,0,7,0.008891666666666687,0.58317643,1.3824456,2.7092385,1.8205057,0.9888179,0.955457,0.738087,0.61020505,0.78361934,0.83491194,0.6587252,0.30188584
05/02/22,0,8,0.0,1.7325821,2.5027492,1.1680741,0.6153707,0.5057993,0.44345444,0.40924427,0.4085902,0.5216457,0.37296396,0.27450317,0.3821597
05/02/22,0,9,0.026266666666667327,0.6390411,0.5381001,0.2399392,0.18777856,0.22598608,0.30344844,0.34038326,0.31298384,0.24770698,0.22169822,0.27859867,0.7085787
05/02/22,0,10,0.0,0.15385851,0.1456055,0.29278058,0.45259297,0.5582304,0.8528843,0.61374617,0.40308496,0.32167593,0.44355553,0.5362017,0.3558253
05/02/22,0,11,0.0,0.24071302,0.23006761,0.2914694,0.25696033,0.26336697,0.42419502,0.41664955,0.36767066,0.3302894,0.39729747,0.5087521,0.52263236
05/02/22,0,12,0.0,0.23977649,0.24800442,0.33215705,0.43210703,0.45071387,0.4607681,0.37819713,0.381032,0.26594362,0.1846006,0.20037434,0.27424675
05/02/22,0,13,0.0,0.21608213,0.23375824,0.31204626,0.2806083,0.22819458,0.25752696,0.24576572,0.25503576,0.15620866,0.1152224,0.14846957,0.24220203
05/02/22,0,14,0.9571749999999959,1.3194857,0.71434844,0.564728,0.521265,0.47610357,0.4774671,0.4036363,0.3742268,0.18717223,0.12477737,0.13238764,0.18197751
05/02/22,0,15,0.0,0.38844666,0.3144088,0.27730915,0.3103614,0.26374897,0.37867278,0.29217303,0.22282344,0.097765975,0.11224393,0.1961352,0.17678735
05/02/22,0,16,0.0,0.43387064,0.19530465,0.12405567,0.19103676,0.29135486,0.24798702,0.16000032,0.13400353,0.19073546,0.19799069,0.25517306,0.5740921
05/02/22,0,17,0.5096083333333326,0.25315154,0.13856721,0.14173113,0.1961444,0.21207184,0.30164924,0.23336756,0.2823532,0.16665086,0.13269196,0.19525993,0.24080732
05/02/22,0,18,0.0,0.22641942,0.15637392,0.09568149,0.11723347,0.118268855,0.13429266,0.10047112,0.13882673,0.09259686,0.07791889,0.12548494,0.19712166
05/02/22,0,19,0.4026999999999994,0.77448934,0.35695916,0.14493637,0.16382354,0.20719345,0.15734352,0.12940983,0.23089774,0.29976636,0.14612769,0.13475287,0.4055605
05/02/22,0,20,0.0,0.18347374,0.09558794,0.057992324,0.09136237,0.13876249,0.19825543,0.15595607,0.14516127,0.08094772,0.08092639,0.17902318,0.44503632
05/02/22,0,21,0.0,0.2698652,0.08153868,0.030471558,0.05392158,0.09573469,0.082832456,0.09107646,0.117341116,0.11437804,0.15820934,0.61050344,4.3901563
05/02/22,0,22,0.0,0.1325092,0.059622556,0.05068264,0.06386121,0.07067243,0.08109995,0.106374905,0.106730014,0.148258,0.73913914,4.141551,9.481217
05/02/22,0,23,0.0,0.12249404,0.0839274,0.06324179,0.059512276,0.07485554,0.121448845,0.099106014,0.070942886,0.29803377,3.6491492,10.1603985,7.2816043
05/03/22,1,0,0.0,0.11133085,0.10632945,0.07898858,0.054214176,0.05275212,0.08322159,0.12817965,0.32936594,2.221801,7.205261,5.8747034,3.7432086
05/03/22,1,1,0.0,0.1658942,0.10770107,0.07735547,0.098733,0.110262774,0.15896997,0.49859452,1.906363,4.5298038,4.102008,2.6969995,2.565651
05/03/22,1,2,0.0,0.21176285,0.11174771,0.072004944,0.08064777,0.110637024,0.49788836,2.6664495,5.049711,3.7066052,2.7393847,2.279757,2.0627782
05/03/22,1,3,0.0,0.22879957,0.13311215,0.074698016,0.10495932,0.43563628,3.1793137,6.687582,4.2466574,2.8016696,2.972388,2.6787522,2.0256104
05/03/22,1,4,0.0,0.15907748,0.12601835,0.11616183,0.377895,2.3089213,6.1536875,4.649329,2.4216979,2.4994438,2.5760374,2.17384,1.6753564
05/03/22,1,5,0.0,0.16517481,0.20385149,0.47955617,2.5052443,5.8388314,4.828931,2.893084,2.2860336,2.587935,2.2820194,2.156316,1.5510066
05/03/22,1,6,0.0,0.3062414,0.70414007,2.7712474,5.4443336,4.0964293,2.670101,1.9473735,1.6555976,1.7885774,1.7990928,1.7775282,0.91916835
05/03/22,1,7,0.0,0.9344236,3.0447087,5.718808,4.048471,2.4520984,2.2746265,1.6914014,1.2407207,1.344699,1.4153008,1.0601053,0.42452735
05/03/22,1,8,0.03412499999999996,2.3951616,4.375456,2.3718472,1.4699359,1.3451812,1.10652,0.8291978,0.7252191,0.7447388,0.49851105,0.3429714,0.3868266
05/03/22,1,9,0.0,0.6375836,0.7282348,0.37894642,0.3266632,0.3845872,0.45401865,0.4861428,0.395416,0.25515014,0.19600642,0.22568344,0.49175963
05/03/22,1,10,0.0,0.16612768,0.21988198,0.39210597,0.50839686,0.660163,0.9700127,0.8366061,0.55417985,0.43498132,0.44289735,0.44356766,0.2628408
05/03/22,1,11,0.08631666666666504,0.25951454,0.33705682,0.4315614,0.37817857,0.3838607,0.55010945,0.56329507,0.5082852,0.39836347,0.36277944,0.38465923,0.31789076
05/03/22,1,12,0.0,0.27155504,0.38600072,0.48744687,0.61688274,0.65030533,0.6180727,0.54176056,0.5057853,0.31140143,0.17160626,0.16274095,0.18124402
05/03/22,1,13,0.5145833333333343,0.6091456,0.6850892,0.83249307,0.7360529,0.5574421,0.48104417,0.4220778,0.5053389,0.31320274,0.15611556,0.14283316,0.13446777
05/03/22,1,14,0.0,0.31635684,0.3057345,0.16840273,0.17428038,0.20003608,0.25029597,0.2210791,0.19394863,0.091527864,0.060347594,0.087718084,0.123626314
05/03/22,1,15,0.0,0.2932723,0.24331982,0.19211587,0.15461785,0.19139282,0.2999589,0.29417995,0.17204037,0.1155529,0.11282556,0.17098974,0.26199186
05/03/22,1,16,0.0,0.15206261,0.16800883,0.13699076,0.13201243,0.16491066,0.19645467,0.15786196,0.14188685,0.09731817,0.07536412,0.10063611,0.1778143
05/03/22,1,17,0.010508333333333342,0.06893696,0.058613498,0.058098078,0.06557467,0.09329318,0.15591246,0.1607442,0.14035673,0.08445121,0.07395546,0.11443585,0.19241078
05/03/22,1,18,0.0,0.11700602,0.11685185,0.07725958,0.06544696,0.074549474,0.0856186,0.085062385,0.110237874,0.07863016,0.055366863,0.07734061,0.16315964
05/03/22,1,19,0.0,0.20336127,0.18387824,0.07157489,0.06444733,0.085594095,0.08378729,0.08363382,0.14471792,0.118268974,0.054942407,0.06023136,0.19706306
05/03/22,1,20,0.0,0.10272962,0.07783333,0.050656293,0.05641751,0.08908542,0.12770008,0.13340005,0.121647045,0.070423245,0.05587333,0.10111218,0.30197963
05/03/22,1,21,0.03247499999999992,0.15625356,0.077871345,0.036085065,0.051818695,0.07639003,0.07344706,0.09940766,0.13432612,0.084454834,0.07991293,0.25227433,1.6115665
05/03/22,1,22,0.0,0.102997154,0.06337824,0.047260735,0.055142935,0.06243767,0.072523564,0.1116527,0.11672885,0.12678106,0.4179478,1.7542562,3.8321629
05/03/22,1,23,0.0,0.086734645,0.07507102,0.04993186,0.0463719,0.065440565,0.100998685,0.08698338,0.06568353,0.2244557,1.843071,4.142234,2.6694617
05/04/22,2,0,0.0,0.052969027,0.042280108,0.033585757,0.01956018,0.017152503,0.03050299,0.053377196,0.11709192,0.9490198,3.822174,2.9926333,1.9526775
05/04/22,2,1,0.0,0.07577239,0.038141154,0.030567525,0.0320772,0.03375995,0.05048292,0.17679599,0.59273195,1.6265004,1.6739856,1.0499057,1.2487701
05/04/22,2,2,0.0,0.10413374,0.041554596,0.028041959,0.027515354,0.034155264,0.15040193,0.8530926,1.766011,1.4598573,1.2414026,0.96525085,1.0200949
05/04/22,2,3,0.0,0.09906301,0.039805364,0.022515442,0.02949828,0.11946123,0.926356,2.1925392,1.318575,0.9969732,1.2449774,1.052464,0.9870392
05/04/22,2,4,0.0,0.06876843,0.03535215,0.033948958,0.1131548,0.70150906,2.0620718,1.5492958,0.8060195,0.96335524,1.1663047,0.96015406,0.9536907
05/04/22,2,5,0.0,0.06379719,0.048541985,0.115069054,0.653253,1.661881,1.4426637,0.850681,0.6982202,0.9176555,0.97505474,0.90094095,0.87174004
05/04/22,2,6,0.0,0.11926523,0.17212768,0.6886048,1.475872,1.0569253,0.7437721,0.60562766,0.5906926,0.8087204,0.98164856,0.9747081,0.58392674
05/04/22,2,7,0.0,0.41369802,0.9099646,1.735416,1.153285,0.6276624,0.6933845,0.6433055,0.5436569,0.7680747,0.9249302,0.6874233,0.289698
05/04/22,2,8,0.0,1.1055888,1.4608144,0.73607373,0.4389979,0.36911407,0.36384907,0.35913986,0.32330245,0.45685005,0.35791445,0.24908677,0.3169858
05/04/22,2,9,0.2138666666666662,0.54094005,0.44275323,0.2427043,0.21798566,0.22829224,0.2880451,0.34066534,0.35383773,0.3045686,0.24845062,0.2678482,0.5002635
05/04/22,2,10,0.0,0.1786482,0.17346278,0.3098375,0.4486149,0.5488699,0.89322233,0.7464615,0.5544068,0.459902,0.6096684,0.65198195,0.34892768
05/04/22,2,11,0.0,0.2769977,0.25285682,0.30404615,0.272943,0.31521007,0.5218684,0.5619279,0.4925306,0.5367269,0.6590121,0.7280226,0.65235186
05/04/22,2,12,0.0,0.1938871,0.2065487,0.3068476,0.3803809,0.40829098,0.4593982,0.44486305,0.4586605,0.34553716,0.24138859,0.2241926,0.26358047
05/04/22,2,13,0.0,0.18888424,0.21545246,0.319485,0.27428088,0.22350682,0.28396928,0.3143675,0.32369837,0.21363978,0.16137166,0.17820299,0.24488328
05/04/22,2,14,0.0,0.23067161,0.18963167,0.1253957,0.09909838,0.12472259,0.21441352,0.22513326,0.18878652,0.124952875,0.12621947,0.19566214,0.38603443
05/04/22,2,15,0.0,0.1707433,0.16513743,0.18568361,0.11881597,0.12520619,0.2997583,0.34389403,0.20788072,0.11630624,0.1549159,0.2539466,0.3549124
05/04/22,2,16,0.0,0.15263379,0.1317021,0.11853655,0.120415814,0.15948504,0.23068899,0.19138095,0.173514,0.14491022,0.15118176,0.20711893,0.347261
05/04/22,2,17,0.0,0.06841144,0.04390179,0.04893002,0.059204347,0.0913268,0.18565473,0.18633261,0.15769105,0.11590092,0.14293219,0.22973801,0.37331408
05/04/22,2,18,0.5544999999999991,0.4189607,0.2836783,0.22824344,0.222314,0.19461851,0.20607558,0.18400276,0.32317796,0.26118317,0.16359137,0.1864021,0.2348913
05/04/22,2,19,0.08398333333333419,0.38196108,0.2511486,0.10308534,0.12354163,0.14812766,0.15120164,0.1407672,0.24951576,0.20844798,0.112239234,0.12065142,0.22977622
05/04/22,2,20,0.0,0.2343629,0.093341425,0.04981637,0.07892874,0.15379037,0.2032167,0.18673743,0.16364013,0.15866712,0.1695966,0.30377313,0.86130613
05/04/22,2,21,0.00044166666666667354,0.18088287,0.066322856,0.032764442,0.051640883,0.08309805,0.09136017,0.12644337,0.16885059,0.13777345,0.18896589,0.6693474,4.211537
05/04/22,2,22,0.0,0.11935409,0.059479535,0.05802221,0.067959644,0.07397017,0.09770183,0.15227842,0.15051532,0.22638005,1.1346364,5.154267,9.591179
05/04/22,2,23,0.0,0.10581194,0.07603623,0.06375804,0.060056284,0.0767252,0.14377287,0.12827615,0.09027596,0.42291042,4.9472375,11.199867,7.4713845
05/05/22,3,0,0.0,0.13854596,0.141056,0.10320034,0.06730431,0.06335769,0.09965814,0.1529631,0.41288114,2.878631,8.779276,7.4558616,5.0679693
05/05/22,3,1,0.0,0.20224006,0.13631338,0.09336611,0.11668547,0.124833226,0.18109867,0.5615723,2.2901511,5.328455,4.744274,3.1113088,3.104625
05/05/22,3,2,0.0,0.27293098,0.1498721,0.09246233,0.10034865,0.13337219,0.6248238,3.2844727,6.243268,4.3240247,3.0890198,2.5667713,2.450534
05/05/22,3,3,0.0,0.29587692,0.1735886,0.09321481,0.13367906,0.56729,4.291338,8.448544,5.3165693,3.2688284,3.3039796,3.0006561,2.5365307
05/05/22,3,4,0.0,0.18450972,0.14038455,0.1293799,0.49544436,3.1378996,7.9869227,5.5062227,2.738616,2.5567853,2.6574202,2.3762217,2.1214123
05/05/22,3,5,0.0,0.18424322,0.2267443,0.54879755,3.383675,7.8665814,6.5049996,3.4351196,2.6079302,2.7707589,2.5576766,2.5538323,2.0648313
05/05/22,3,6,0.0,0.35464892,0.7997963,3.3551266,7.163789,5.309202,3.4624028,2.302438,1.8507633,1.9449633,2.090414,2.1858313,1.2476159
05/05/22,3,7,0.018991666666666684,1.2129235,3.9965062,7.4340787,5.158531,3.0157387,2.7905185,2.0501297,1.502841,1.6292732,1.6991849,1.2993792,0.53701615
05/05/22,3,8,0.0,3.0308492,5.722369,3.031981,1.7490504,1.6373063,1.4157761,1.0976007,0.9435298,0.96189684,0.6531595,0.4692643,0.56104606
05/05/22,3,9,0.10371666666666712,0.9983212,1.1153866,0.5675467,0.47856036,0.5755043,0.6532185,0.6660012,0.61500686,0.41480845,0.27862185,0.30765754,0.7010992
05/05/22,3,10,0.0,0.2063104,0.2572628,0.47809246,0.68848175,0.86876816,1.2890298,1.0097635,0.6524796,0.4598028,0.477351,0.5201765,0.32514295
05/05/22,3,11,0.0,0.31244138,0.38065344,0.45373255,0.386458,0.44095168,0.6664886,0.66419184,0.5642286,0.47139713,0.4341782,0.47538793,0.47988206
05/05/22,3,12,0.0,0.30148342,0.42058924,0.54613596,0.67291194,0.73202914,0.7257899,0.6129202,0.5783067,0.3618016,0.20027907,0.19373663,0.25692004
05/05/22,3,13,0.0,0.2603207,0.36110732,0.47907493,0.40359005,0.3328723,0.36486387,0.35662043,0.34814456,0.19087781,0.11277033,0.13006377,0.2068888
05/05/22,3,14,0.0,0.25291455,0.24758454,0.15037766,0.11904569,0.14826235,0.21258253,0.19866568,0.16414626,0.08728322,0.06560898,0.10518597,0.24924615
05/05/22,3,15,0.0,0.17818262,0.20171201,0.20761657,0.13702746,0.14484374,0.28311843,0.29500684,0.17769156,0.080732495,0.078651704,0.1335735,0.22702552
05/05/22,3,16,0.0,0.17587034,0.17977653,0.14675038,0.14676891,0.19124046,0.23370698,0.17506745,0.15345544,0.10249372,0.08065303,0.11538397,0.23648162
05/05/22,3,17,0.14467499999999944,0.113764584,0.08451927,0.08535468,0.103994206,0.14402384,0.2287534,0.21199062,0.20116287,0.116400525,0.093272634,0.1468479,0.24802627
05/05/22,3,18,0.0,0.15609184,0.14094885,0.091367684,0.08585793,0.09760255,0.11158612,0.099476844,0.12809728,0.08472086,0.05863569,0.08730917,0.19342706
05/05/22,3,19,0.0,0.27612078,0.20890057,0.07490104,0.071390375,0.10585828,0.101276934,0.09223635,0.15597154,0.13729739,0.063911475,0.074083,0.2854418
05/05/22,3,20,0.0007250000000000867,0.11719202,0.08132447,0.05285644,0.06196479,0.10303447,0.15194929,0.1463447,0.12969908,0.07460097,0.061423346,0.11953392,0.41190553
05/05/22,3,21,0.028066666666666656,0.18735266,0.086106986,0.039604995,0.060010303,0.091615856,0.09113908,0.11493496,0.15321045,0.09411746,0.092730485,0.32037514,2.3845305
05/05/22,3,22,0.0,0.13245934,0.07612391,0.05894523,0.07433467,0.08568922,0.099671446,0.14056142,0.14469379,0.156225,0.53953004,2.4393992,5.9914846
05/05/22,3,23,0.0,0.11619999,0.09925378,0.06744522,0.06341502,0.087865904,0.13363081,0.111646555,0.08375776,0.29520476,2.6166623,6.2097073,4.4763126
05/06/22,4,0,0.0,0.080645844,0.057210084,0.040604137,0.033476148,0.032334168,0.05636196,0.086745046,0.19445094,0.9711468,3.1064749,2.1561663,1.4843916
05/06/22,4,1,0.0,0.12513968,0.063528284,0.049236294,0.071681716,0.08061017,0.108244464,0.35004243,1.1538484,2.4216444,2.0643134,1.2516199,1.3931895
05/06/22,4,2,0.0,0.16669184,0.07287294,0.046778698,0.058323402,0.07391282,0.26495668,1.4369684,2.943359,2.1488485,1.5526191,1.1750712,1.2600517
05/06/22,4,3,0.0,0.15458894,0.07667677,0.04095335,0.06345932,0.23925507,1.4455873,3.2953644,2.2499576,1.4480406,1.4664037,1.1592014,0.98812264
05/06/22,4,4,0.0,0.116065025,0.079475336,0.06967205,0.23044714,1.3200532,3.1054094,2.5441947,1.496212,1.4870198,1.4065065,0.97829497,0.81839794
05/06/22,4,5,0.0,0.12332508,0.13312998,0.25906378,1.120167,2.7269962,2.1551075,1.5999405,1.4248123,1.478424,1.0383343,0.7228794,0.5586474
05/06/22,4,6,0.0,0.1987616,0.39710546,1.3074119,2.4809191,1.920362,1.2321603,0.9964863,0.9016231,0.80506814,0.6321808,0.5074339,0.2747753
05/06/22,4,7,0.0,0.5785661,1.6633884,2.8900838,2.2556689,1.3571756,1.1885546,0.82485455,0.59232736,0.5383588,0.4953477,0.3161982,0.138139
05/06/22,4,8,0.16053333333333342,1.8429725,2.760098,1.580849,1.1662263,1.0789257,0.8084499,0.5378212,0.4155838,0.33755141,0.2093716,0.118248455,0.13472366
05/06/22,4,9,0.0,0.501236,0.54501736,0.25782073,0.26204076,0.2963009,0.28437394,0.2773897,0.22118756,0.117510326,0.0776489,0.079541266,0.16886131
05/06/22,4,10,0.49906666666666766,0.39788285,0.42877492,0.5245645,0.7216852,0.84195983,0.95861936,0.70111555,0.5679486,0.37134144,0.2628795,0.19042024,0.102047354
05/06/22,4,11,0.0,0.30047765,0.38258666,0.38388425,0.4332493,0.41433397,0.46756023,0.38652968,0.35475913,0.21741393,0.17940836,0.17708725,0.12393765
05/06/22,4,12,0.0,0.3757484,0.38819227,0.32790375,0.5038872,0.6996816,0.60716957,0.46762976,0.3840569,0.28927672,0.1480707,0.11382063,0.14181443
05/06/22,4,13,1.3527750000000012,2.6226926,1.5761622,1.0790511,1.091037,0.93276954,1.0011615,0.78828573,0.48091698,0.1764168,0.11228545,0.09242593,0.0928572
05/06/22,4,14,0.0,0.43061393,0.3666268,0.19206066,0.22287235,0.2087478,0.19952615,0.17022331,0.14318079,0.0670774,0.05426691,0.057104863,0.06226689
05/06/22,4,15,0.3427583333333324,0.57827735,0.32623467,0.19932754,0.18996558,0.23003055,0.24123827,0.20719963,0.13410129,0.18049935,0.14482105,0.10771162,0.17492472
05/06/22,4,16,0.0,0.19094218,0.20520212,0.13292359,0.157726,0.17846426,0.17878167,0.12840684,0.1248146,0.066998966,0.040200017,0.045073733,0.06270803
05/06/22,4,17,0.0,0.09699594,0.06619681,0.047356103,0.06001436,0.096759096,0.14749992,0.13588087,0.115542345,0.0734277,0.052994024,0.060593173,0.1038715
05/06/22,4,18,0.2606833333333327,0.17863914,0.15698344,0.09688508,0.09691572,0.09565032,0.09345034,0.08277758,0.121900454,0.072302476,0.03439858,0.03661198,0.059281208
05/06/22,4,19,0.5014500000000002,0.6101184,0.43847194,0.1932629,0.21803007,0.22800511,0.173279,0.1402585,0.21389492,0.1354584,0.048037678,0.04020611,0.079755
05/06/22,4,20,0.0,0.22590524,0.14654689,0.068789616,0.099372216,0.1537362,0.1717186,0.14353429,0.13597539,0.07445954,0.04386415,0.05840323,0.11638792
05/06/22,4,21,0.006516666666666615,0.22067192,0.09298562,0.032202452,0.048749823,0.08715862,0.07512456,0.08585618,0.105581425,0.08575242,0.06853032,0.14296755,0.8072003
05/06/22,4,22,0.0,0.08812564,0.054499112,0.035218786,0.037316255,0.040529817,0.05023624,0.07958079,0.08579959,0.0699297,0.16275099,0.47654778,1.0587895
05/06/22,4,23,0.0,0.07625395,0.061645348,0.034282643,0.03063783,0.04165653,0.073421694,0.063690305,0.0506093,0.115420446,0.69867104,1.1796824,0.79774034
05/07/22,5,0,0.0,0.026599368,0.010153807,0.0062704883,0.0044704885,0.003745496,0.0057735355,0.01057198,0.017311545,0.08601148,0.30027327,0.20776327,0.16298571
05/07/22,5,1,0.0,0.0424007,0.010548803,0.0068672835,0.0077941585,0.007069474,0.007185095,0.027310198,0.079229176,0.15834159,0.14856385,0.08686289,0.12923914
05/07/22,5,2,0.0,0.060006987,0.012716325,0.0074257697,0.007223604,0.0073180874,0.01884262,0.114975125,0.22608548,0.17182742,0.1257961,0.09522853,0.15141186
05/07/22,5,3,0.0,0.057472892,0.012807774,0.0059229136,0.007906175,0.022829745,0.10852879,0.3025509,0.18212453,0.121389136,0.13403295,0.11191707,0.13763505
05/07/22,5,4,0.0,0.042355124,0.011816477,0.009128195,0.0247323,0.10646359,0.22452037,0.24093601,0.13886558,0.12988377,0.13367456,0.0936001,0.09725585
05/07/22,5,5,0.0,0.04244232,0.016818311,0.031541727,0.115506716,0.21482848,0.14216201,0.14828382,0.1341782,0.12243457,0.0895738,0.06406404,0.06224137
05/07/22,5,6,0.0,0.05899801,0.04467123,0.12931542,0.22091542,0.1420024,0.08323474,0.089667924,0.085151695,0.07890508,0.06583931,0.059581358,0.040592298
05/07/22,5,7,0.01626666666666665,0.13929689,0.16676791,0.23487271,0.17806175,0.095333345,0.07903862,0.07143173,0.057206925,0.061135195,0.061700687,0.04312539,0.022891264
05/07/22,5,8,0.0,0.30624545,0.25847408,0.117194474,0.08335069,0.0663298,0.044612635,0.044192854,0.03441642,0.03484878,0.02796813,0.017538633,0.03141406
05/07/22,5,9,0.42911666666666637,0.3977785,0.21418336,0.11242586,0.11556064,0.09395727,0.07761171,0.084671825,0.08426501,0.04956971,0.031590182,0.026538562,0.04749303
05/07/22,5,10,0.0,0.11594754,0.08931841,0.09937501,0.1507845,0.1272622,0.1347144,0.11541079,0.100232475,0.0613225,0.06408288,0.058483142,0.028605932
05/07/22,5,11,0.0,0.14206839,0.08774892,0.06629937,0.073766045,0.07730797,0.09603982,0.10029035,0.08654061,0.08686644,0.09360607,0.089494295,0.08344397
05/07/22,5,12,0.0417500000000004,0.09042684,0.07161987,0.065685004,0.09347866,0.0768049,0.059001353,0.057384916,0.064641796,0.03768916,0.021887366,0.018318657,0.023160493
05/07/22,5,13,1.4020583333333327,1.631359,0.78804165,0.53222096,0.62256384,0.45798582,0.53026474,0.4440084,0.3056167,0.09553222,0.059960756,0.05969691,0.059763387
05/07/22,5,14,0.08884166666666715,0.34470266,0.25368235,0.13857867,0.16227496,0.12986372,0.11511243,0.091541804,0.07180391,0.034016788,0.036308564,0.034802306,0.037890606
05/07/22,5,15,0.0,0.24287921,0.11203358,0.06580319,0.07582891,0.08998084,0.11377481,0.100117296,0.054699693,0.074045114,0.07716377,0.065943874,0.10846534
05/07/22,5,16,0.0,0.07895675,0.055579074,0.032517824,0.0373507,0.039634697,0.041863482,0.03497622,0.03564833,0.022924067,0.018489098,0.019745987,0.03305259
05/07/22,5,17,0.0,0.033534728,0.018701239,0.013521814,0.015404332,0.017297065,0.026985433,0.028266286,0.028670255,0.015652202,0.014303196,0.016406272,0.02822669
05/07/22,5,18,0.0,0.06444064,0.04385381,0.0229132,0.022859998,0.020322245,0.022729889,0.023238543,0.031505503,0.019151455,0.014195464,0.015712643,0.031180382
05/07/22,5,19,0.4225749999999997,0.20850855,0.10784238,0.041439503,0.049901746,0.04479716,0.032965064,0.03388471,0.067597575,0.04731782,0.018546533,0.015296625,0.03390916
05/07/22,5,20,0.025083333333333346,0.090316154,0.045613997,0.020906532,0.02816413,0.031707037,0.034569524,0.034424875,0.04010195,0.01948077,0.014562105,0.019255944,0.040801354
05/07/22,5,21,0.0,0.112759456,0.035749394,0.012501516,0.017959682,0.025704065,0.022291055,0.030760001,0.038128074,0.031467594,0.031111334,0.06622759,0.32717526
05/07/22,5,22,0.0007166666666666667,0.09823709,0.041344993,0.024403505,0.021797327,0.01966393,0.025826823,0.04488463,0.04971601,0.045743976,0.13018644,0.40845114,0.81709427
05/07/22,5,23,0.0,0.094683915,0.048737913,0.024293363,0.019058608,0.020838656,0.04321666,0.042745862,0.03243363,0.0794398,0.59444207,1.066388,0.6653843
05/08/22,6,0,0.0,0.021266041,0.010155298,0.00630685,0.002852384,0.0025137481,0.0041985614,0.008541414,0.016158119,0.14871293,0.61395335,0.50289667,0.40275627
05/08/22,6,1,0.0,0.030423816,0.008347744,0.005434198,0.0042622285,0.004224279,0.0053726844,0.020996865,0.06291735,0.19494347,0.20378819,0.13133875,0.22046337
05/08/22,6,2,0.0,0.04961314,0.0105454745,0.0061835293,0.0042874403,0.005307832,0.019216597,0.1105176,0.21769162,0.22338228,0.1772981,0.13924779,0.24141476
05/08/22,6,3,0.0,0.052574188,0.010620258,0.0049522268,0.0049610697,0.018737076,0.12916708,0.32132936,0.18522035,0.17243287,0.22520825,0.20572063,0.2935276
05/08/22,6,4,0.0,0.03407779,0.0072907303,0.005878392,0.01720556,0.098147474,0.2741681,0.22104946,0.11125419,0.14317085,0.19093396,0.18559617,0.273349
05/08/22,6,5,0.0,0.027262494,0.008515718,0.018728336,0.0941321,0.22101058,0.17169088,0.1122212,0.092757754,0.13397731,0.15179014,0.1629307,0.23825985
05/08/22,6,6,0.0,0.04037516,0.026743164,0.10842452,0.20065083,0.12215753,0.07764232,0.07293532,0.07843144,0.11981574,0.15862975,0.1837082,0.15840481
05/08/22,6,7,0.019091666666666673,0.124201834,0.12746608,0.21353225,0.11963776,0.059913736,0.06533347,0.07511902,0.0764652,0.13209179,0.1606609,0.13031156,0.07473683
05/08/22,6,8,0.04124166666666662,0.387349,0.27266285,0.13322538,0.069444194,0.051066432,0.05102428,0.06692773,0.06331889,0.10922745,0.10181961,0.07249765,0.12324797
05/08/22,6,9,0.0,0.16569753,0.06847169,0.03010242,0.022553371,0.026008189,0.040054876,0.057622205,0.05396568,0.059496526,0.07335374,0.09400903,0.24767777
05/08/22,6,10,0.0,0.063755274,0.03341595,0.051569622,0.0657778,0.08414028,0.1436559,0.12370618,0.098690994,0.098910816,0.17705858,0.19844657,0.14437452
05/08/22,6,11,0.8206333333333333,0.4572176,0.26823038,0.33654743,0.30025366,0.19239444,0.27523166,0.29207176,0.3087978,0.19218723,0.1308921,0.11971977,0.09478997
05/08/22,6,12,0.0,0.16596185,0.09759852,0.10008574,0.15655547,0.13623142,0.11465009,0.09639938,0.11793875,0.088309094,0.07228345,0.07182298,0.069221765
05/08/22,6,13,1.1945583333333332,1.2800084,0.57285804,0.44286838,0.45466042,0.41123462,0.3517364,0.32697436,0.23964116,0.16872008,0.14085428,0.12175236,0.17194645
05/08/22,6,14,0.0,0.26440096,0.1387513,0.09140672,0.13114116,0.114012145,0.118064724,0.10274877,0.10236903,0.063975394,0.072382756,0.10302336,0.12820286
05/08/22,6,15,0.0,0.28575602,0.09963468,0.069346346,0.07359502,0.08259222,0.107926235,0.10303579,0.06552276,0.09755383,0.16404235,0.21769883,0.43291494
05/08/22,6,16,0.0,0.07374836,0.035359412,0.024737792,0.024826914,0.03472295,0.053361338,0.04642873,0.0468793,0.045407947,0.061057314,0.093685694,0.18213108
05/08/22,6,17,0.0,0.033744965,0.011668717,0.009801369,0.011300789,0.018737033,0.04055728,0.038364198,0.034856796,0.029359374,0.045776755,0.08106346,0.1597938
05/08/22,6,18,0.0,0.07264691,0.03230202,0.018679604,0.015889619,0.019872736,0.030174963,0.03213607,0.046322014,0.04752751,0.058745015,0.09505017,0.21218596
05/08/22,6,19,0.0,0.074409954,0.028649813,0.009531655,0.00834021,0.012194851,0.015300614,0.019110935,0.03915699,0.046225626,0.0338917,0.038922835,0.1484277
05/08/22,6,20,0.0,0.04440264,0.013701702,0.0075831814,0.009106108,0.01682025,0.03129311,0.032287154,0.03216499,0.028799687,0.041350707,0.084064096,0.2862049
05/08/22,6,21,0.0,0.08606591,0.018971477,0.008644052,0.012259243,0.019833878,0.022686427,0.03255205,0.04320203,0.044454902,0.0815984,0.3463087,2.68644
05/08/22,6,22,0.004458333333333333,0.11302373,0.037906244,0.031762388,0.032543957,0.031914663,0.046112373,0.07179243,0.06926629,0.13053228,0.8795839,5.045652,10.10103
05/08/22,6,23,0.0,0.1088447,0.052395757,0.03750413,0.030156855,0.032223616,0.06888887,0.06320438,0.04217161,0.22778895,3.7849913,10.676444,7.406776
05/09/22,0,0,0.0,0.34471568,0.30527604,0.23049082,0.22404477,0.28619164,0.9805827,5.951207,13.30949,8.191995,3.7562592,2.3894024,2.2635891
05/09/22,0,1,0.0,0.3009611,0.22641622,0.14997147,0.22677073,0.9829607,5.7983036,11.798128,7.9237356,3.7339053,2.8020866,2.1689737,2.0659518
05/09/22,0,2,0.0,0.18806764,0.16909365,0.20378742,1.022322,6.6952677,12.394182,7.8902607,4.018961,2.6293736,2.371072,2.0826194,2.3136196
05/09/22,0,3,0.0,0.15290478,0.22505008,0.8027015,6.723379,13.697329,8.413223,3.940965,3.1614695,2.5636477,2.1244733,1.9527984,2.1131465
05/09/22,0,4,0.0,0.31592456,0.9173982,5.3819437,13.003191,8.930668,4.2071395,2.744697,2.5756805,2.2640316,2.299821,2.101468,1.4950919
05/09/22,0,5,0.0,1.2636037,6.1400104,12.916814,8.69483,4.461058,3.0822523,2.7876322,2.77524,2.8959124,2.7543144,1.6037557,0.6865425
